"jmdict_seq","kanji","kana","waller_definition","origin","original"
2394370,,"あ","Ah","waller",
2394370,,"あっ","Ah","jmdict","あ"
2394370,,"アッ","Ah","jmdict","あ"
2394370,,"アっ","Ah","jmdict","あ"
2394370,,"ア","Ah","jmdict","あ"
2085080,,"ああ","like that","waller",
1151120,,"あいさつ","to greet","waller",
1151120,,"あいさつ","to greet","jmdict","あいさつ"
1215230,"間","あいだ","a space","waller",
1215230,"間","あわい","a space","jmdict","あいだ"
1284430,"合う","あう","to match","waller",
1284430,"合う","おう","to match","jmdict","あう"
1383260,,"あかちゃん","infant","waller",
1383260,"赤ちゃん","あかちゃん","infant","jmdict","あかちゃん"
1352290,"上る","あがる","to rise","waller",
1352290,"上がる","あがる","to rise","jmdict","上る"
1352290,,"あがる","to rise","jmdict","上る"
1383310,,"あかんぼう","baby","waller",
1383310,,"あかんぼ","baby","jmdict","あかんぼう"
1383310,"赤んぼ","あかんぼ","baby","jmdict","赤ん坊"
1383310,"赤んぼう","あかんぼう","baby","jmdict","赤ん坊"
1586270,"空く","あく","to open, to become empty","waller",
1015220,,"アクセサリー","accessory","waller",
1015220,,"アクセサリ","accessory","jmdict","アクセサリー"
1352320,,"あげる","to give","waller",
1390800,,"あさい","shallow,superficial","waller",
1526960,"味","あじ","flavour","waller",
1015840,,"アジア","Asia","waller",
1015840,,"アジア","Asia","jmdict","アジア"
1584660,"明日","あす","tomorrow","waller",
1542070,"遊び","あそび","play","waller",
1542070,,"あそび","play","jmdict","遊び"
1333550,"集る","あつまる","to gather","waller",
1333550,"集まる","あつまる","to gather","jmdict","集る"
1333560,"集める","あつめる","to collect something","waller",
1017330,,"アナウンサー","announcer","waller",
1017330,,"アナウンサ","announcer","jmdict","アナウンサー"
1929050,,"アフリカ","Africa","waller",
1929050,,"アフリカ","Africa","jmdict","アフリカ"
1149830,,"アメリカ","America","waller",
1149830,,"アメリカ","America","jmdict","アメリカ"
1323010,,"あやまる","to apologize","waller",
1019280,,"アルコール","alcohol","waller",
1019280,,"アルコホル","alcohol","jmdict","アルコール"
1019420,,"アルバイト","part-time job","waller",
1153890,"安心","あんしん","relief","waller",
1153890,"安神","あんしん","relief","jmdict","安心"
1153930,"安全","あんぜん","safety","waller",
1153930,"安全","あんせん","safety","jmdict","あんぜん"
1000590,,"あんな","such","waller",
1154860,,"あんない","to guide","waller",
1154860,,"あない","to guide","jmdict","あんない"
1155060,"以下","いか","less than","waller",
1155060,"以下","いげ","less than","jmdict","いか"
1155060,,"いか","less than","jmdict","以下"
1155060,,"いげ","less than","jmdict","以下"
1155090,"以外","いがい","with the exception of","waller",
1159810,"医学","いがく","medical science","waller",
1378520,"生きる","いきる","to live","waller",
1378520,"活きる","いきる","to live","jmdict","生きる"
1156530,"意見","いけん","opinion","waller",
1382440,"石","いし","stone","waller",
1195140,,"いじめる","to tease","waller",
1195140,,"いじめる","to tease","jmdict","いじめる"
1155120,"以上","いじょう","more than,this is all","waller",
1155120,,"いじょう","more than,this is all","jmdict","以上"
1228650,"急ぐ","いそぐ","to hurry","waller",
1421900,,"いたす","(humble) to do","waller",
1421900,,"いたす","(humble) to do","jmdict","致す"
1587290,,"いただく","(humble) to receive","waller",
1587290,"頂く","いただく","(humble) to receive","jmdict","いただく"
1587290,,"いただく","(humble) to receive","jmdict","いただく"
1576250,"一度","いちど","once","waller",
1576250,"一度","ひとたび","once","jmdict","いちど"
1576250,"１度","いちど","once","jmdict","一度"
1576250,"１度","ひとたび","once","jmdict","一度"
1576250,"一たび","ひとたび","once","jmdict","一度"
1576250,"ひと度","ひとたび","once","jmdict","一度"
1576250,"一とたび","ひとたび","once","jmdict","一度"
1164010,,"いっしょうけんめい","with utmost effort","waller",
1164010,"一生けんめい","いっしょうけんめい","with utmost effort","jmdict","一生懸命"
1164010,"一生けん命","いっしょうけんめい","with utmost effort","jmdict","一生懸命"
1165670,"一杯","いっぱい","full","waller",
1165670,,"いっぱい","full","jmdict","一杯"
1165670,"１杯","いっぱい","full","jmdict","一杯"
1165670,"一ぱい","いっぱい","full","jmdict","一杯"
1165670,"１ぱい","いっぱい","full","jmdict","一杯"
1311450,,"いと","thread","waller",
1155180,"以内","いない","within","waller",
1442750,,"いなか","countryside","waller",
1222770,,"いのる","to pray","waller",
1222770,,"いのる","to pray","jmdict","祈る"
1000940,,"いらっしゃる","(respectful) to be,to come or to go","waller",
1357250,,"うえる","to plant,to grow","waller",
1305700,,"うかがう","to visit","waller",
1588060,"受付","うけつけ","receipt","waller",
1588060,"受け付け","うけつけ","receipt","jmdict","受付"
1588060,"受付け","うけつけ","receipt","jmdict","受付"
1588060,"受け付","うけつけ","receipt","jmdict","受付"
1329590,"受ける","うける","to take a lesson or test","waller",
1329590,,"うける","to take a lesson or test","jmdict","受ける"
1329590,,"ウケる","to take a lesson or test","jmdict","受ける"
1451210,"動く","うごく","to move","waller",
1172400,,"うそ","a lie","waller",
1172400,,"うそ","a lie","jmdict","嘘"
1172400,,"ウソ","a lie","jmdict","嘘"
1457730,"内","うち","within","waller",
1457730,,"うち","within","jmdict","内"
1457730,"中","うち","within","jmdict","内"
1408810,"打つ","うつ","to hit","waller",
1486360,"美しい","うつくしい","beautiful","waller",
1486360,"愛しい","うつくしい","beautiful","jmdict","美しい"
1588320,"写す","うつす","to copy or photograph","waller",
1158210,,"うつる","to move house or transfer","waller",
1158210,,"うつる","to move house or transfer","jmdict","移る"
1562850,,"うで","arm","waller",
1310460,"上手い","うまい","delicious","waller",
1310460,,"うまい","delicious","jmdict","上手い"
1310460,"美味い","うまい","delicious","jmdict","上手い"
1310460,"美い","うまい","delicious","jmdict","上手い"
1550190,,"うら","reverse side","waller",
1588550,"売り場","うりば","place where things are sold","waller",
1588550,"売場","うりば","place where things are sold","jmdict","売り場"
1219510,,"うれしい","glad","waller",
1219510,,"うれしい","glad","jmdict","うれしい"
1001090,,"うん","(informal) yes","waller",
1001090,,"うむ","(informal) yes","jmdict","うん"
1001090,,"ううむ","(informal) yes","jmdict","うん"
1172830,"運転","うんてん","to drive","waller",
1172870,"運転手","うんてんしゅ","driver","waller",
1172910,"運動","うんどう","to exercise","waller",
1028580,,"エスカレーター","escalator","waller",
1028580,,"エスカレータ","escalator","jmdict","エスカレーター"
1310530,,"えだ","branch, twig","waller",
1588730,"選ぶ","えらぶ","to choose","waller",
1588730,,"えらぶ","to choose","jmdict","選ぶ"
1178450,,"えんりょ","to be reserved, to be restrained","waller",
1001180,,"おいでになる","(respectful) to be","waller",
1001180,"お出でになる","おいでになる","(respectful) to be","jmdict","おいでになる"
1001180,"御出でになる","おいでになる","(respectful) to be","jmdict","おいでになる"
1612770,,"おいわい","congratulation","waller",
1612770,,"おいわい","congratulation","jmdict","お祝い"
1032030,,"オートバイ","motorcycle","waller",
1001640,,"おかげ","owing to","waller",
1001640,,"おかげ","owing to","jmdict","おかげ"
1190860,,"おかしい","strange or funny","waller",
1190860,"可笑しい","おかしい","strange or funny","jmdict","おかしい"
1190860,,"おかしい","strange or funny","jmdict","おかしい"
1182620,,"おく","one hundred million","waller",
1182710,"屋上","おくじょう","rooftop","waller",
1589030,,"おくりもの","gift","waller",
1589030,,"おくりもの","gift","jmdict","贈り物"
1402730,"送る","おくる","to send","waller",
1589040,"遅れる","おくれる","to be late","waller",
1589040,"後れる","おくれる","to be late","jmdict","遅れる"
1223660,"起す","おこす","to wake","waller",
1223660,"起こす","おこす","to wake","jmdict","起す"
1589060,"行う","おこなう","to do","waller",
1589060,"行なう","おこなう","to do","jmdict","行う"
1445690,"怒る","おこる","to get angry,to be angry","waller",
1589110,"押し入れ","おしいれ","closet","waller",
1589110,"押入","おしいれ","closet","jmdict","押し入れ"
1589110,"押入れ","おしいれ","closet","jmdict","押し入れ"
1002170,,"おじょうさん","young lady","waller",
1002170,,"おじょうさん","young lady","jmdict","お嬢さん"
1002400,"お宅","おたく","(polite) your house","waller",
1002400,"御宅","おたく","(polite) your house","jmdict","お宅"
1548550,"落る","おちる","to fall or drop","waller",
1548550,"落ちる","おちる","to fall or drop","jmdict","落る"
1548550,,"おちる","to fall or drop","jmdict","落る"
1238840,,"おっしゃる","(respectful) to say","waller",
1238840,,"おっしゃる","(respectful) to say","jmdict","おっしゃる"
1496480,"夫","おっと","husband","waller",
1496480,"良人","おっと","husband","jmdict","夫"
1270550,,"おつり","change from purchase, balance","waller",
1270550,,"おつり","change from purchase, balance","jmdict","おつり"
1576900,"音","おと","sound,note","waller",
1589260,"落す","おとす","to drop","waller",
1589260,"落とす","おとす","to drop","jmdict","落す"
1546880,,"おどり","a dance","waller",
1538440,,"おどる","to dance","waller",
1238680,,"おどろく","to be surprised","waller",
1238680,,"おどろく","to be surprised","jmdict","驚く"
1604135,,"おまつり","festival","waller",
1604135,,"おまつり","festival","jmdict","お祭り"
1001870,"お見舞い","おみまい","calling on someone who is ill,enquiry","waller",
1001870,"お見舞","おみまい","calling on someone who is ill,enquiry","jmdict","お見舞い"
1001870,"御見舞い","おみまい","calling on someone who is ill,enquiry","jmdict","お見舞い"
1001870,"御見舞","おみまい","calling on someone who is ill,enquiry","jmdict","お見舞い"
1002500,"お土産","おみやげ","souvenir","waller",
1002500,"お土産","おみあげ","souvenir","jmdict","おみやげ"
1002500,"御土産","おみやげ","souvenir","jmdict","お土産"
1002500,"御土産","おみあげ","souvenir","jmdict","お土産"
1309260,"思い出す","おもいだす","to remember","waller",
1309260,"思いだす","おもいだす","to remember","jmdict","思い出す"
1309260,"おもい出す","おもいだす","to remember","jmdict","思い出す"
1309260,"思出す","おもいだす","to remember","jmdict","思い出す"
1589350,"思う","おもう","to think,to feel","waller",
1589350,"想う","おもう","to think,to feel","jmdict","思う"
1589350,"念う","おもう","to think,to feel","jmdict","思う"
1589350,,"おもう","to think,to feel","jmdict","思う"
1217070,,"おもちゃ","toy","waller",
1217070,,"おもちゃ","toy","jmdict","おもちゃ"
1217070,,"がんぐ","toy","jmdict","おもちゃ"
1217070,,"オモチャ","toy","jmdict","おもちゃ"
1489340,"表","おもて","the front","waller",
1365040,"親","おや","parents","waller",
1365040,"祖","おや","parents","jmdict","親"
1589500,"下りる","おりる","to get off","waller",
1385910,"折る","おる","to break or to fold","waller",
1270810,"お礼","おれい","expression of gratitude","waller",
1270810,"御礼","おれい","expression of gratitude","jmdict","お礼"
1270810,"御礼","おんれい","expression of gratitude","jmdict","お礼"
1385920,"折れる","おれる","to break or be folded","waller",
1589590,"終わり","おわり","the end","waller",
1589590,"終り","おわり","the end","jmdict","終わり"
1589590,"終","おわり","the end","jmdict","終わり"
1036290,,"カーテン","curtain","waller",
1201280,,"かいがん","coast","waller",
1198360,"会議","かいぎ","meeting","waller",
1198380,"会議室","かいぎしつ","meeting room","waller",
1198660,"会場","かいじょう","assembly hall or meeting place","waller",
1198880,"会話","かいわ","conversation","waller",
1221250,"帰り","かえり","return","waller",
1221250,,"かえり","return","jmdict","帰り"
1510650,"変える","かえる","to change","waller",
1192700,"科学","かがく","science","waller",
1238550,,"かがみ","mirror","waller",
1357210,,"かざる","to decorate","waller",
1357210,,"かざる","to decorate","jmdict","飾る"
1193950,"火事","かじ","fire","waller",
1040060,,"ガス","petrol","waller",
1040060,,"ガス","petrol","jmdict","ガス"
1040250,,"ガソリン","petrol","waller",
1040260,,"ガソリンスタンド","petrol station","waller",
1040260,,"ガソリン・スタンド","petrol station","jmdict","ガソリンスタンド"
1257110,,"かたい","hard","waller",
1257110,,"かたい","hard","jmdict","堅い・硬い・固い"
1250220,"形","かたち","shape","waller",
1250220,"容","かたち","shape","jmdict","形"
1250220,"容","よう","shape","jmdict","形"
1250220,,"かたち","shape","jmdict","形"
1511790,,"かたづける","to tidy up","waller",
1511790,,"かたづける","to tidy up","jmdict","片付ける"
1195840,,"かちょう","section manager","waller",
1346150,"勝つ","かつ","to win","waller",
1346150,,"かつ","to win","jmdict","勝つ"
1590480,"格好","かっこう","appearance","waller",
1590480,"格好","かっこ","appearance","jmdict","かっこう"
1590480,,"かっこう","appearance","jmdict","格好"
1590480,,"かっこ","appearance","jmdict","格好"
1590480,,"カッコ","appearance","jmdict","格好"
1192420,"家内","かない","housewife","waller",
1192420,"家内","やうち","housewife","jmdict","かない"
1483190,"悲しい","かなしい","sad","waller",
1483190,,"かなしい","sad","jmdict","悲しい"
1483190,"愛しい","かなしい","sad","jmdict","悲しい"
1487400,"必ず","かならず","certainly,necessarily","waller",
2429350,"お金持ち","おかねもち","rich man","waller",
1242970,"金持ち","かねもち","rich man","waller",
1242970,"金持","かねもち","rich man","jmdict","金持ち"
1242970,"銀持","かねもち","rich man","jmdict","金持ち"
1483150,"彼女","かのじょ","she,girlfriend","waller",
1509290,,"かべ","wall","waller",
1509290,,"へき","wall","jmdict","かべ"
1279680,,"かまう","to mind","waller",
1279680,"構う","かまう","to mind","jmdict","かまう"
1477950,"髪","かみ","hair","waller",
1477950,,"かみ","hair","jmdict","髪"
1209240,,"かむ","to bite,to chew","waller",
1209240,,"かむ","to bite,to chew","jmdict","噛む"
1432850,"通う","かよう","to commute","waller",
1040380,,"ガラス","a glass pane","waller",
1040380,,"ガラス","a glass pane","jmdict","ガラス"
1483070,"彼","かれ","he,boyfriend","waller",
1483090,"彼ら","かれら","they","waller",
1483090,"彼等","かれら","they","jmdict","彼ら"
1209650,,"かわく","to get dry","waller",
1590770,"代わり","かわり","substitute,alternate","waller",
1590770,,"かわり","substitute,alternate","jmdict","代わり"
1590770,"代り","かわり","substitute,alternate","jmdict","代わり"
1510790,"変わる","かわる","to change","waller",
1510790,"変る","かわる","to change","jmdict","変わる"
1281020,"考える","かんがえる","to consider","waller",
1281020,,"かんがえる","to consider","jmdict","考える"
1215810,"関係","かんけい","relationship","waller",
1213870,,"かんごふ","female nurse","waller",
1214330,,"かんたん","simple","waller",
1214330,,"かんたん","simple","jmdict","簡単"
1221520,"気","き","spirit,mood","waller",
1221520,,"き","spirit,mood","jmdict","気"
1220800,"機会","きかい","opportunity","waller",
1218560,"危険","きけん","danger","waller",
1591150,"聞こえる","きこえる","to be heard","waller",
1591150,"聞える","きこえる","to be heard","jmdict","聞こえる"
1591150,,"きこえる","to be heard","jmdict","聞こえる"
1222700,,"きしゃ","steam train","waller",
1225130,,"ぎじゅつ","art,technology,skill","waller",
1222840,,"きせつ","season","waller",
1223021,,"きそく","regulations","waller",
1003430,,"きっと","surely","waller",
1003430,,"きっと","surely","jmdict","きっと"
1003430,"急度","きっと","surely","jmdict","きっと"
1003430,,"キッと","surely","jmdict","きっと"
1258710,,"きぬ","silk","waller",
1262530,,"きびしい","strict","waller",
1262530,,"きびしい","strict","jmdict","厳しい"
1222590,"気分","きぶん","mood","waller",
1591420,"決る","きまる","to be decided","waller",
1591420,"決まる","きまる","to be decided","jmdict","決る"
1591420,,"きまる","to be decided","jmdict","決る"
1591420,,"キマる","to be decided","jmdict","決る"
1247250,"君","きみ","(informal) You (used by men towards women)","waller",
1247250,"公","きみ","(informal) You (used by men towards women)","jmdict","君"
1254180,"決める","きめる","to decide","waller",
1254180,,"きめる","to decide","jmdict","決める"
1591430,"気持ち","きもち","feeling,mood","waller",
1591430,"気持","きもち","feeling,mood","jmdict","気持ち"
1423240,"着物","きもの","kimono","waller",
1226630,"客","きゃく","guest,customer","waller",
1226630,"客","かく","guest,customer","jmdict","きゃく"
1228560,"急","きゅう","urgent, steep","waller",
1228690,"急行","きゅうこう","speedy, express","waller",
1236950,"教育","きょういく","education","waller",
1237030,"教会","きょうかい","church","waller",
1234140,,"きょうそう","competition","waller",
1238410,,"きょうみ","an interest","waller",
1242350,"近所","きんじょ","neighbourhood","waller",
1592500,"具合","ぐあい","condition,health","waller",
1592500,"具合","ぐわい","condition,health","jmdict","ぐあい"
1592500,"工合","ぐあい","condition,health","jmdict","具合"
1592500,"工合","ぐわい","condition,health","jmdict","具合"
1592500,"具合い","ぐわい","condition,health","jmdict","具合"
1592500,"工合い","ぐわい","condition,health","jmdict","具合"
1245470,"空気","くうき","air,atmosphere","waller",
1245570,"空港","くうこう","airport","waller",
1401910,"草","くさ","grass","waller",
1401910,,"くさ","grass","jmdict","草"
1184280,,"くださる","(respectful) to give","waller",
1184280,"下さる","くださる","(respectful) to give","jmdict","くださる"
1592270,"首","くび","neck","waller",
1592270,,"くび","neck","jmdict","首"
1592270,,"クビ","neck","jmdict","首"
1173100,,"くも","cloud","waller",
1483540,,"くらべる","to compare","waller",
1483540,,"くらべる","to compare","jmdict","比べる"
1269130,,"くれる","to give","waller",
1269130,,"くれる","to give","jmdict","呉れる"
1514960,"暮れる","くれる","to get dark,to come to an end","waller",
1514960,,"くれる","to get dark,to come to an end","jmdict","暮れる"
1514960,"暗れる","くれる","to get dark,to come to an end","jmdict","暮れる"
1247260,"君","くん","suffix for familiar young male","waller",
1533820,,"け","hair or fur","waller",
1252090,"計画","けいかく","to plan","waller",
1251270,"経験","けいけん","to experience","waller",
1251320,"経済","けいざい","finance,economy","waller",
1252390,"警察","けいさつ","police","waller",
1047860,,"ケーキ","cake","waller",
1200220,,"けが","to injure","waller",
1200220,,"ケガ","to injure","jmdict","怪我"
1250870,"景色","けしき","scene,landscape","waller",
1250870,"景色","けいしょく","scene,landscape","jmdict","けしき"
1350080,"消しゴム","けしゴム","eraser","waller",
1350080,"消ゴム","けしゴム","eraser","jmdict","消しゴム"
1185290,"下宿","げしゅく","lodging","waller",
1254130,"決して","けっして","never","waller",
1254130,"決して","けして","never","jmdict","けっして"
2853889,,"けれど","however","waller",
1004200,,"けど","however","jmdict","けれども・けれど"
1004200,,"けども","however","jmdict","けれども・けれど"
2853889,,"けれども","however","waller",
1261190,"原因","げんいん","cause,source","waller",
1261190,"原因","げいいん","cause,source","jmdict","げんいん"
1257040,,"けんか","to quarrel","waller",
1257040,,"けんか","to quarrel","jmdict","喧嘩"
1257040,,"ケンカ","to quarrel","jmdict","喧嘩"
1258520,"研究","けんきゅう","research","waller",
1258570,"研究室","けんきゅうしつ","study room,laboratory","waller",
1260000,"見物","けんぶつ","sightseeing","waller",
1307770,"子","こ","child","waller",
1307770,,"こ","child","jmdict","子"
1004310,,"こう","this way","waller",
1004310,,"こう","this way","jmdict","斯う"
1282490,,"こうがい","outskirts","waller",
1282260,,"こうぎ","lecture","waller",
1278040,"工業","こうぎょう","the manufacturing industry","waller",
1283500,"高校","こうこう","high school","waller",
1283510,"高校生","こうこうせい","high school student","waller",
1578700,"工場","こうじょう","factory","waller",
1578700,"工場","こうば","factory","jmdict","こうじょう"
1279590,"校長","こうちょう","headmaster","waller",
1272280,"交通","こうつう","traffic,transportation","waller",
1282340,,"こうどう","auditorium","waller",
1283860,"高等学校","こうとうがっこう","high school","waller",
1274820,"公務員","こうむいん","government worker","waller",
1286400,"国際","こくさい","international","waller",
1360480,"心","こころ","core,heart","waller",
1270390,"御主人","ごしゅじん","(honorable) your husband","waller",
1270390,"ご主人","ごしゅじん","(honorable) your husband","jmdict","御主人"
1267180,,"こしょう","to break-down","waller",
1593570,"ご存じ","ごぞんじ","knowing,acquaintance","waller",
1593570,"ご存知","ごぞんじ","knowing,acquaintance","jmdict","ご存じ"
1593570,"御存じ","ごぞんじ","knowing,acquaintance","jmdict","ご存じ"
1593570,"御存知","ごぞんじ","knowing,acquaintance","jmdict","ご存じ"
1449530,"答","こたえ","response","waller",
1449530,"答え","こたえ","response","jmdict","答"
1449530,,"こたえ","response","jmdict","答"
1449530,"報え","こたえ","response","jmdict","答"
1593590,,"ごちそう","a feast","waller",
1593590,,"ごちそう","a feast","jmdict","ごちそう"
1313580,,"こと","thing,matter","waller",
1348530,"小鳥","ことり","small bird","waller",
1004690,,"このあいだ","the other day,recently","waller",
1004690,"この間","このあいだ","the other day,recently","jmdict","このあいだ"
1004690,"この間","このかん","the other day,recently","jmdict","このあいだ"
1004690,,"このあいだ","the other day,recently","jmdict","このあいだ"
1004690,,"このかん","the other day,recently","jmdict","このあいだ"
1004710,,"このごろ","these days,nowadays","waller",
1004710,,"このごろ","these days,nowadays","jmdict","このごろ"
1295530,,"こまかい","small, fine","waller",
1369900,,"ごみ","rubbish","waller",
1369900,,"ごみ","rubbish","jmdict","塵"
1369900,,"ゴミ","rubbish","jmdict","塵"
1593410,"込む","こむ","to be crowded","waller",
1508750,"米","こめ","uncooked rice","waller",
1508750,"米","めめ","uncooked rice","jmdict","こめ"
1508750,,"コメ","uncooked rice","jmdict","米"
2217040,,"ごらんになる","(respectful) to see","waller",
2217040,,"ごらんになる","(respectful) to see","jmdict","ごらんになる"
1004790,,"これから","after this","waller",
1004790,,"これから","after this","jmdict","これから"
1593480,"怖い","こわい","frightening","waller",
1593480,"恐い","こわい","frightening","jmdict","怖い"
1199890,,"こわす","to break","waller",
1199890,,"こわす","to break","jmdict","壊す"
1199900,,"こわれる","to be broken","waller",
1199900,,"こわれる","to be broken","jmdict","壊れる"
1051970,,"コンサート","concert","waller",
1289370,"今度","こんど","now,next time","waller",
1053350,,"コンピュータ","computer","waller",
1053350,,"コンピューター","computer","waller",
1289520,"今夜","こんや","tonight","waller",
1293780,"最近","さいきん","latest,nowadays","waller",
1293810,"最後","さいご","last,end","waller",
1293990,"最初","さいしょ","beginning,first","waller",
1297110,,"さか","slope,hill","waller",
1297110,,"さか","slope,hill","jmdict","坂"
1593670,"探す","さがす","to look for","waller",
1593670,,"さがす","to look for","jmdict","探す"
1184160,"下る","さがる","to get down,to descend","waller",
1184160,"下がる","さがる","to get down,to descend","jmdict","下る"
1379750,,"さかん","popularity,prosperous","waller",
1379750,,"さかん","popularity,prosperous","jmdict","盛ん"
1184170,"下げる","さげる","to hang,to lower,to move back","waller",
1291270,"差し上げる","さしあげる","(polite) to give","waller",
1291270,"差上げる","さしあげる","(polite) to give","jmdict","差し上げる"
1291270,"さし上げる","さしあげる","(polite) to give","jmdict","差し上げる"
1005180,"先","さっき","some time ago","waller",
1005180,,"さっき","some time ago","jmdict","先"
1579720,,"さびしい","lonely","waller",
1579720,,"さみしい","lonely","jmdict","さびしい"
1579720,,"さびしい","lonely","jmdict","寂しい"
1579720,,"さみしい","lonely","jmdict","寂しい"
1293640,"さ来月","さらいげつ","the month after next","waller",
1293640,,"さらいげつ","the month after next","jmdict","さ来月"
1293650,"さ来週","さらいしゅう","the week after next","waller",
1293650,,"さらいしゅう","the week after next","jmdict","さ来週"
1057850,,"サラダ","salad","waller",
1403040,,"さわぐ","to make noise,to be excited","waller",
1403040,,"さわぐ","to make noise,to be excited","jmdict","騒ぐ"
1357980,,"さわる","to touch","waller",
1303770,"産業","さんぎょう","industry","waller",
1058480,,"サンダル","sandal","waller",
1058580,,"サンドイッチ","sandwich","waller",
1058580,,"サンドウィッチ","sandwich","jmdict","サンドイッチ"
1304680,"残念","ざんねん","disappointment","waller",
1308090,"市","し","city","waller",
1315130,"字","じ","character","waller",
1312420,"試合","しあい","match,game","waller",
1312420,"仕合","しあい","match,game","jmdict","試合"
1594110,"仕方","しかた","method","waller",
1394730,"然る","しかる","a particular","waller",
1394730,,"さる","a particular","jmdict","然る"
1394730,"然る","さる","a particular","jmdict","しかる"
1394730,,"しかる","a particular","jmdict","然る"
1312350,"試験","しけん","examination","waller",
1313850,,"じこ","accident","waller",
1313850,,"ことゆえ","accident","jmdict","じこ"
1421210,,"じしん","earthquake","waller",
1421210,,"ない","earthquake","jmdict","じしん"
1421210,,"なえ","earthquake","jmdict","じしん"
1421210,,"じぶるい","earthquake","jmdict","じしん"
1316300,"時代","じだい","era","waller",
1185930,"下着","したぎ","underwear","waller",
1310260,"支度","したく","to prepare","waller",
1310260,"仕度","したく","to prepare","jmdict","支度"
1594400,,"しっかり","firmly,steadily","waller",
1594400,"確り","しっかり","firmly,steadily","jmdict","しっかり"
1594400,,"しっかり","firmly,steadily","jmdict","しっかり"
1320140,"失敗","しっぱい","failure,mistake","waller",
1595270,,"じてん","dictionary","waller",
1595270,,"じてん","dictionary","jmdict","辞典"
1490670,"品物","しなもの","goods","waller",
1304420,,"しばらく","little while","waller",
1304420,,"しばらく","little while","jmdict","しばらく"
1446760,,"しま","island","waller",
1446760,,"しま","island","jmdict","島"
1308690,"市民","しみん","citizen","waller",
1314400,"事務所","じむしょ","office","waller",
1322700,"社会","しゃかい","society,public","waller",
1322920,"社長","しゃちょう","company president","waller",
1323500,,"じゃま","hindrance,intrusion","waller",
1323500,,"じゃま","hindrance,intrusion","jmdict","じゃま"
1065680,,"ジャム","jam","waller",
1318720,"自由","じゆう","freedom","waller",
1333090,"習慣","しゅうかん","custom,manners","waller",
1334080,"住所","じゅうしょ","an address,a residence","waller",
1334080,"住処","じゅうしょ","an address,a residence","jmdict","住所"
1335440,,"じゅうどう","judo","waller",
1335080,"十分","じゅうぶん","enough","waller",
1335080,,"じゅうぶん","enough","jmdict","十分"
1339460,"出席","しゅっせき","to attend","waller",
1340000,"出発","しゅっぱつ","to depart","waller",
1329000,,"しゅみ","hobby","waller",
1341670,,"じゅんび","to prepare","waller",
1351430,,"しょうかい","introduction","waller",
1347870,"小学校","しょうがっこう","elementary school","waller",
1348430,"小説","しょうせつ","novel","waller",
1349610,"招待","しょうたい","to invite","waller",
1349610,"招待","しょうだい","to invite","jmdict","しょうたい"
1349610,,"しょうたい","to invite","jmdict","招待"
1349610,,"しょうだい","to invite","jmdict","招待"
1349480,,"しょうち","to consent","waller",
1347710,,"しょうらい","future,prospects","waller",
1358490,"食事","しょくじ","to have a meal","waller",
1358680,"食料品","しょくりょうひん","groceries","waller",
1345250,"女性","じょせい","woman","waller",
1345250,"女性","にょしょう","woman","jmdict","じょせい"
1420410,"知らせる","しらせる","to notify","waller",
1420410,"報せる","しらせる","to notify","jmdict","知らせる"
1429060,"調べる","しらべる","to investigate","waller",
1367300,"人口","じんこう","population","waller",
1364670,"神社","じんじゃ","Shinto shrine","waller",
1364670,"神社","じんしゃ","Shinto shrine","jmdict","じんじゃ"
1365250,"親切","しんせつ","kindness","waller",
1365250,"深切","しんせつ","kindness","jmdict","親切"
1360930,"心配","しんぱい","to worry","waller",
1362400,"新聞社","しんぶんしゃ","newspaper company","waller",
1371320,"水泳","すいえい","swimming","waller",
1371920,"水道","すいどう","water supply","waller",
1372800,,"ずいぶん","extremely","waller",
1372800,,"ずいぶん","extremely","jmdict","ずいぶん"
1372800,"ずい分","ずいぶん","extremely","jmdict","ずいぶん"
1372980,"数学","すうがく","mathematics,arithmetic","waller",
1066680,,"スーツ","suit","waller",
1066690,,"スーツケース","suitcase","waller",
1195970,"過ぎる","すぎる","to exceed","waller",
1195970,,"すぎる","to exceed","jmdict","過ぎる"
1586265,"空く","すく","to become empty","waller",
1068550,,"スクリーン","screen","waller",
1374550,,"すごい","terrific","waller",
1374550,,"すごい","terrific","jmdict","凄い"
1374550,,"スゴイ","terrific","jmdict","凄い"
1374550,,"スゴい","terrific","jmdict","凄い"
1365980,"進む","すすむ","to make progress","waller",
1006110,,"すっかり","completely","waller",
1006140,,"すっと","straight,all of a sudden","waller",
1006140,,"スッと","straight,all of a sudden","jmdict","すっと"
1006140,,"スーッと","straight,all of a sudden","jmdict","すっと"
1006140,,"すうっと","straight,all of a sudden","jmdict","すっと"
1070280,,"ステーキ","steak","waller",
1322320,,"すてる","to throw away","waller",
1322320,,"すてる","to throw away","jmdict","捨てる"
1070650,,"ステレオ","stereo","waller",
1291500,,"すな","sand","waller",
1291500,,"いさご","sand","jmdict","すな"
1291500,,"すな","sand","jmdict","砂"
1291500,,"いさご","sand","jmdict","砂"
1397300,,"すばらしい","wonderful","waller",
1397300,,"すばらしい","wonderful","jmdict","すばらしい"
1397300,,"すんばらしい","wonderful","jmdict","すばらしい"
1208640,,"すべる","to slide,to slip","waller",
1208640,,"すべる","to slide,to slip","jmdict","滑る"
1246440,,"すみ","corner,nook","waller",
1246440,,"すま","corner,nook","jmdict","すみ"
1246440,,"すみ","corner,nook","jmdict","隅"
1295070,"済む","すむ","to finish","waller",
1295070,,"すむ","to finish","jmdict","済む"
1567450,,"すり","pickpocket","waller",
1567450,,"すり","pickpocket","jmdict","掏摸"
1567450,,"スリ","pickpocket","jmdict","掏摸"
1006280,,"すると","then","waller",
1378860,"生活","せいかつ","to live","waller",
1378990,"生産","せいさん","to produce","waller",
1375970,"政治","せいじ","politics,government","waller",
1381100,"西洋","せいよう","western countries","waller",
1373860,"世界","せかい","the world","waller",
1382250,"席","せき","seat","waller",
1386460,"説明","せつめい","explanation","waller",
1472800,"背中","せなか","back of the body","waller",
1472800,"背なか","せなか","back of the body","jmdict","背中"
1374530,,"ぜひ","without fail","waller",
1374530,,"ぜひ","without fail","jmdict","ぜひ"
1374300,"世話","せわ","to look after","waller",
1391780,,"せん","line","waller",
1395620,"全然","ぜんぜん","not entirely (used in a negative sentence)","waller",
1390360,"戦争","せんそう","war","waller",
1388410,,"せんぱい","senior","waller",
1006610,,"そう","appearing that, looking like, having the appearance of","waller",
2137720,然う,"そう","in that way, thus, such, so, so?","waller",
1401210,"相談","そうだん","to discuss","waller",
1160570,"育てる","そだてる","to rear,to bring up","waller",
1405890,,"そつぎょう","graduation","waller",
1396840,"祖父","そふ","grandfather","waller",
1396840,"祖父","じじ","grandfather","jmdict","そふ"
1396840,"祖父","じい","grandfather","jmdict","そふ"
1396840,"祖父","おおじ","grandfather","jmdict","そふ"
1396840,"祖父","おじ","grandfather","jmdict","そふ"
1396840,"祖父","そぶ","grandfather","jmdict","そふ"
1075500,,"ソフト","soft","waller",
1396860,"祖母","そぼ","grandmother","waller",
1396860,"祖母","ばば","grandmother","jmdict","そぼ"
1396860,"祖母","おおば","grandmother","jmdict","そぼ"
1396860,"祖母","おば","grandmother","jmdict","そぼ"
1396860,"祖母","うば","grandmother","jmdict","そぼ"
1007000,,"それで","because of that","waller",
1007000,,"それで","because of that","jmdict","それで"
1007040,,"それに","moreover","waller",
1007040,,"それに","moreover","jmdict","それに"
1007060,,"それほど","to that extent","waller",
1007060,"それ程","それほど","to that extent","jmdict","それほど"
1007060,,"それほど","to that extent","jmdict","それほど"
1345605,,"そろそろ","gradually,soon","waller",
1345605,,"ソロソロ","gradually,soon","jmdict","そろそろ"
1007130,,"そんな","that sort of","waller",
2008740,,"そんなに","so much,like that","waller",
1411300,"退院","たいいん","to leave hospital","waller",
1413260,"大学生","だいがくせい","university student","waller",
1413940,"大事","だいじ","important,valuable,serious matter","waller",
1414470,"大体","だいたい","generally","waller",
1414470,,"だいたい","generally","jmdict","大体"
1414580,,"たいてい","usually","waller",
1414580,,"たいてい","usually","jmdict","大抵"
1414580,"大てい","たいてい","usually","jmdict","大抵"
1075940,,"タイプ","type,style","waller",
1414920,"大分","だいぶ","greatly","waller",
1414920,,"だいぶ","greatly","jmdict","大分"
1414920,,"だいぶん","greatly","jmdict","大分"
1414920,"大分","だいぶん","greatly","jmdict","だいぶ"
1596780,"台風","たいふう","typhoon","waller",
1596780,,"たいふう","typhoon","jmdict","台風"
1445790,"倒れる","たおれる","to break down","waller",
1007310,,"だから","so,therefore","waller",
1596930,"確か","たしか","definite","waller",
1596930,"確","たしか","definite","jmdict","確か"
1596930,,"たしか","definite","jmdict","確か"
1404700,"足す","たす","to add a number","waller",
1518070,"訪ねる","たずねる","to visit","waller",
1369940,,"たずねる","to ask","waller",
1369940,,"たずねる","to ask","jmdict","尋ねる"
1376600,"正しい","ただしい","correct","waller",
1356750,,"たたみ","Japanese straw mat","waller",
1356750,,"たたみ","Japanese straw mat","jmdict","畳"
1551530,"立てる","たてる","to stand something up","waller",
1257330,"建てる","たてる","to build","waller",
1556370,"例えば","たとえば","for example","waller",
1416700,,"たな","shelves","waller",
1207250,"楽しみ","たのしみ","joy","waller",
1207250,,"たのしみ","joy","jmdict","楽しみ"
1207270,"楽む","たのしむ","to enjoy oneself","waller",
1207270,"楽しむ","たのしむ","to enjoy oneself","jmdict","楽む"
1207270,,"たのしむ","to enjoy oneself","jmdict","楽む"
1634500,,"たまに","occasionally","waller",
1634500,"偶に","たまに","occasionally","jmdict","たまに"
1634500,"適に","たまに","occasionally","jmdict","たまに"
1157080,,"ため","sake, purpose, consequence, result, regarding","waller",
1157080,,"ため","sake, purpose, consequence, result, regarding","jmdict","為"
1157150,,"ために","for the sake of, in order to, in favor of, because of","waller",
1409110,,"だめ","no good","waller",
1409110,,"だめ","no good","jmdict","だめ"
1409110,,"ダメ","no good","jmdict","だめ"
1404740,"足りる","たりる","to be enough","waller",
1420160,"男性","だんせい","male","waller",
1419860,,"だんぼう","heating","waller",
1419860,,"だんぼう","heating","jmdict","暖房"
1255060,,"ち","blood","waller",
1077550,,"チェック","to check","waller",
1554820,"力","ちから","strength,power","waller",
1007560,,"ちっとも","not at all (used with a negative verb)","waller",
1007560,,"ちっとも","not at all (used with a negative verb)","jmdict","ちっとも"
1007660,,"ちゃん","suffix for familiar female person","waller",
1426530,"注意","ちゅうい","caution","waller",
1423650,"中学校","ちゅうがっこう","junior high school,middle school","waller",
1426590,,"ちゅうしゃ","injection","waller",
1426920,,"ちゅうしゃじょう","parking lot","waller",
1421540,"地理","ちり","geography","waller",
1597780,"捕まえる","つかまえる","to seize","waller",
1597780,,"つかまえる","to seize","jmdict","捕まえる"
1255430,"月","つき","moon","waller",
1495740,"付く","つく","to be attached","waller",
1433680,,"つける","to soak,to pickle","waller",
1433680,,"つける","to soak,to pickle","jmdict","漬ける"
1444980,"都合","つごう","circumstances,convenience","waller",
1441870,"伝える","つたえる","to report","waller",
1405790,"続く","つづく","to be continued","waller",
1405800,"続ける","つづける","to continue","waller",
1584060,,"つつむ","to wrap","waller",
1584060,,"つつむ","to wrap","jmdict","包む"
1294330,"妻","つま","(humble) wife","waller",
1294330,,"つま","(humble) wife","jmdict","妻"
1294330,"具","つま","(humble) wife","jmdict","妻"
1382980,"積もり","つもり","intention","waller",
1382980,,"つもり","intention","jmdict","積もり"
1382980,"積り","つもり","intention","jmdict","積もり"
1434120,,"つる","to fish","waller",
1559290,"連れる","つれる","to lead","waller",
1427360,,"ていねい","polite","waller",
1427360,,"ていねい","polite","jmdict","丁寧"
1079290,,"テキスト","text,text book","waller",
1079290,,"テクスト","text,text book","jmdict","テキスト"
1437450,"適当","てきとう","suitability","waller",
1437450,,"テキトー","suitability","jmdict","適当"
1340460,,"できるだけ","as much as possible","waller",
1340460,"出来るだけ","できるだけ","as much as possible","jmdict","できるだけ"
1340460,,"できるだけ","as much as possible","jmdict","できるだけ"
1328190,"手伝う","てつだう","to assist","waller",
1328190,"手つだう","てつだう","to assist","jmdict","手伝う"
1080000,,"テニス","tennis","waller",
1328090,,"てぶくろ","glove","waller",
1328090,"手ぶくろ","てぶくろ","glove","jmdict","手袋"
1315240,,"てら","temple","waller",
1441390,"点","てん","point,dot","waller",
1440670,"店員","てんいん","shop assistant","waller",
1440670,"店員","ていいん","shop assistant","jmdict","てんいん"
1438770,"天気予報","てんきよほう","weather forecast","waller",
1443660,,"でんとう","electric light","waller",
1443660,,"でんとう","electric light","jmdict","電灯"
1443760,"電報","でんぽう","telegram","waller",
1440660,,"てんらんかい","exhibition","waller",
1621470,"都","と","metropolitan","waller",
1454180,"道具","どうぐ","tool,means","waller",
1449890,"到頭","とうとう","finally, after all","waller",
1449890,,"とうとう","finally, after all","jmdict","到頭"
1451490,"動物園","どうぶつえん","zoo","waller",
1177820,"遠く","とおく","distant","waller",
1433030,"通る","とおる","to go through","waller",
1433030,,"とおる","to go through","jmdict","通る"
1454670,"特に","とくに","particularly,especially","waller",
1455280,"特別","とくべつ","special","waller",
1349410,,"とこや","barber","waller",
1349410,,"とこや","barber","jmdict","とこや"
1582200,"途中","とちゅう","on the way","waller",
1454750,"特急","とっきゅう","limited express train (faster than an express train)","waller",
1457210,,"とどける","to reach","waller",
1457210,,"とどける","to reach","jmdict","届ける"
1474850,,"とまる","to lodge at","waller",
1474850,,"とまる","to lodge at","jmdict","泊まる"
1310670,"止める","とめる","to stop something","waller",
1310670,"留める","とめる","to stop something","jmdict","止める"
1310670,,"とめる","to stop something","jmdict","止める"
1326830,,"とりかえる","to exchange","waller",
1326830,,"とりかえる","to exchange","jmdict","取り替える"
1326830,"取りかえる","とりかえる","to exchange","jmdict","取り替える"
1599340,,"どろぼう","thief","waller",
1599340,,"どろぼう","thief","jmdict","泥棒"
1599340,,"ドロボー","thief","jmdict","泥棒"
1599340,,"どろぼー","thief","jmdict","泥棒"
1009320,,"どんどん","more and more","waller",
1009320,,"ドンドン","more and more","jmdict","どんどん"
1599390,"直す","なおす","to fix,to repair","waller",
2846390,"直る","なおる","to be fixed,to be repaired","waller",
1599400,"治る","なおる","to be cured,to heal","waller",
1599420,"中々","なかなか","considerably","waller",
1599420,,"なかなか","considerably","jmdict","中々"
1599420,"中中","なかなか","considerably","jmdict","中々"
1229840,,"なく","to weep","waller",
1229840,,"なく","to weep","jmdict","泣く"
1529550,"無くなる","なくなる","to disappear,to get lost","waller",
1529550,,"なくなる","to disappear,to get lost","jmdict","無くなる"
1518540,"亡くなる","なくなる","to die","waller",
1447000,"投げる","なげる","to throw or cast away","waller",
1157090,,"なさる","(respectful) to do","waller",
1157090,,"なさる","(respectful) to do","jmdict","なさる"
1532910,"鳴る","なる","to sound","waller",
1375620,,"なるべく","as much as possible","waller",
1375620,"成るべく","なるべく","as much as possible","jmdict","なるべく"
1375620,"成る可く","なるべく","as much as possible","jmdict","なるべく"
1375820,,"なるほど","now I understand","waller",
1375820,"なる程","なるほど","now I understand","jmdict","なるほど"
1375820,"成る程","なるほど","now I understand","jmdict","なるほど"
1375820,"成程","なるほど","now I understand","jmdict","なるほど"
1375820,"成るほど","なるほど","now I understand","jmdict","なるほど"
1375820,,"ナルホド","now I understand","jmdict","なるほど"
1212670,"慣れる","なれる","to grow accustomed to","waller",
1212670,,"なれる","to grow accustomed to","jmdict","慣れる"
1599760,,"におい","a smell","waller",
1599760,,"におい","a smell","jmdict","におい"
1244310,"苦い","にがい","bitter","waller",
1599800,,"にかいだて","two storied","waller",
1599800,,"にかいだて","two storied","jmdict","二階建て"
1450330,"逃げる","にげる","to escape","waller",
1450330,,"にげる","to escape","jmdict","逃げる"
1463930,"日記","にっき","journal","waller",
1465720,"入院","にゅういん","to hospitalise","waller",
1465850,"入学","にゅうがく","to enter school or university","waller",
1314600,"似る","にる","to be similar","waller",
1367120,"人形","にんぎょう","doll, figure","waller",
1448440,"盗む","ぬすむ","to steal","waller",
1448440,,"ぬすむ","to steal","jmdict","盗む"
1444270,,"ぬる","to paint,to plaster","waller",
1467620,,"ぬれる","to get wet","waller",
1467620,,"ぬれる","to get wet","jmdict","ぬれる"
1600160,,"ねだん","price","waller",
1600160,"値段","ねだん","price","jmdict","ねだん"
1600160,"直段","ねだん","price","jmdict","ねだん"
1467710,"熱","ねつ","fever","waller",
1467910,,"ねっしん","enthusiasm","waller",
1467910,"熱心","ねっしん","enthusiasm","jmdict","ねっしん"
1360320,,"ねぼう","sleeping in late","waller",
1360320,,"ねぼう","sleeping in late","jmdict","寝坊"
1529330,"眠い","ねむい","sleepy","waller",
1529330,,"ねむい","sleepy","jmdict","眠い"
1529390,"眠る","ねむる","to sleep","waller",
1529390,"眠る","ねぶる","to sleep","jmdict","ねむる"
1529390,,"ねむる","to sleep","jmdict","眠る"
1529390,,"ねぶる","to sleep","jmdict","眠る"
1304510,"残る","のこる","to remain","waller",
1304510,,"のこる","to remain","jmdict","残る"
1600280,,"のど","throat","waller",
1600280,,"のど","throat","jmdict","喉"
1600280,,"のんど","throat","jmdict","喉"
1600280,,"のんど","throat","jmdict","のど"
1600280,,"のみと","throat","jmdict","喉"
1600280,,"のみと","throat","jmdict","のど"
1600280,,"のみど","throat","jmdict","喉"
1600280,,"のみど","throat","jmdict","のど"
1600280,,"ノド","throat","jmdict","喉"
1600470,,"のりかえる","to change between buses or trains","waller",
1600470,"乗りかえる","のりかえる","to change between buses or trains","jmdict","乗り換える"
1600470,,"のりかえる","to change between buses or trains","jmdict","乗り換える"
1600530,"乗り物","のりもの","vehicle","waller",
1600530,"乗物","のりもの","vehicle","jmdict","乗り物"
1546550,"葉","は","leaf","waller",
1355810,"場合","ばあい","situation","waller",
1100810,,"パート","part time","waller",
1473230,,"ばい","double","waller",
1472270,,"はいけん","(humble) to look at","waller",
1472270,,"はいけん","(humble) to look at","jmdict","拝見"
1313080,"歯医者","はいしゃ","dentist","waller",
1172660,"運ぶ","はこぶ","to transport","waller",
1307550,"始める","はじめる","to begin","waller",
1307550,,"はじめる","to begin","jmdict","始める"
1355850,"場所","ばしょ","location","waller",
1476430,,"はず","it should be so","waller",
1476430,,"はず","it should be so","jmdict","筈"
1421630,"恥ずかしい","はずかしい","embarrassed","waller",
1421630,"恥かしい","はずかしい","embarrassed","jmdict","恥ずかしい"
1421630,"恥しい","はずかしい","embarrassed","jmdict","恥ずかしい"
1421630,,"はずかしい","embarrassed","jmdict","恥ずかしい"
1101570,,"パソコン","personal computer","waller",
1477170,"発音","はつおん","pronunciation","waller",
1010150,,"はっきり","clearly","waller",
1010150,,"ハッキリ","clearly","jmdict","はっきり"
1194660,"花見","はなみ","cherry-blossom viewing","waller",
1555440,,"はやし","woods,forester","waller",
1501620,"払う","はらう","to pay","waller",
1482340,"番組","ばんぐみ","television or radio program","waller",
1480670,"反対","はんたい","opposition","waller",
1096770,,"ハンドバッグ","handbag　","waller",
1463770,"日","ひ","day, sun","waller",
1193610,"火","ひ","fire","waller",
1106400,,"ピアノ","piano","waller",
1106400,,"ピヤノ","piano","jmdict","ピアノ"
1556630,"冷える","ひえる","to grow cold","waller",
1272780,"光","ひかり","light","waller",
1272820,"光る","ひかる","to shine,to glitter","waller",
1601650,"引き出し","ひきだし","drawer,drawing out","waller",
1601650,"引出し","ひきだし","drawer,drawing out","jmdict","引き出し"
1601650,,"ひきだし","drawer,drawing out","jmdict","引き出し"
1601660,"引き出す","ひきだす","to withdraw","waller",
1601660,"引出す","ひきだす","to withdraw","jmdict","引き出す"
1601660,"引きだす","ひきだす","to withdraw","jmdict","引き出す"
1601810,,"ひげ","beard","waller",
1601810,,"ひげ","beard","jmdict","髭"
1601810,,"ヒゲ","beard","jmdict","髭"
1485520,"飛行場","ひこうじょう","airport","waller",
1227370,,"ひさしぶり","after a long time","waller",
1227370,,"ひさしぶり","after a long time","jmdict","久しぶり"
1486460,"美術館","びじゅつかん","art gallery","waller",
1484930,"非常に","ひじょうに","extremely","waller",
1226360,,"びっくり","to be surprised","waller",
1226360,,"びっくり","to be surprised","jmdict","びっくり"
1226360,,"ビックリ","to be surprised","jmdict","びっくり"
1169340,"引っ越す","ひっこす","to move house","waller",
1169340,"引越す","ひきこす","to move house","jmdict","引っ越す"
1169340,"引き越す","ひきこす","to move house","jmdict","引っ越す"
1169340,"引っこす","ひっこす","to move house","jmdict","引っ越す"
1487660,"必要","ひつよう","necessary","waller",
1487660,"必用","ひつよう","necessary","jmdict","必要"
1602060,,"ひどい","awful","waller",
1602060,,"ひどい","awful","jmdict","ひどい"
1602060,"非道い","ひどい","awful","jmdict","ひどい"
1202440,"開く","ひらく","to open an event","waller",
1106010,,"ビル","building or bill","waller",
1581710,"昼間","ひるま","daytime,during the day","waller",
1581710,"昼間","ちゅうかん","daytime,during the day","jmdict","ひるま"
1426290,"昼休み","ひるやすみ","noon break","waller",
1332570,,"ひろう","to pick up,to gather","waller",
1108180,,"ファックス","fax","waller",
1108180,"ＦＡＸ","ファックス","fax","jmdict","ファックス"
1108180,"ＦＡＸ","ファクス","fax","jmdict","ファックス"
1602440,"増える","ふえる","to increase","waller",
1602440,,"ふえる","to increase","jmdict","増える"
1362640,"深い","ふかい","deep","waller",
1501350,,"ふくざつ","complexity,complication","waller",
1500800,,"ふくしゅう","revision","waller",
1499460,"部長","ぶちょう","head of a section","waller",
1497190,,"ふつう","usually, or a train that stops at every station","waller",
1499230,,"ぶどう","grapes","waller",
1499230,,"ぶどう","grapes","jmdict","葡萄"
1499230,,"えび","grapes","jmdict","葡萄"
1499230,,"えび","grapes","jmdict","ぶどう"
1499230,,"ブドウ","grapes","jmdict","葡萄"
1408220,"太る","ふとる","to become fat","waller",
1408220,,"ふとる","to become fat","jmdict","太る"
1496890,,"ふとん","Japanese bedding, futon","waller",
1496890,,"ふとん","Japanese bedding, futon","jmdict","布団"
1602800,,"ふね","ship","waller",
1602800,"船","ふね","ship","jmdict","舟"
1602800,,"ふね","ship","jmdict","舟"
1494860,"不便","ふべん","inconvenience","waller",
1450270,,"ふむ","to step on","waller",
1450270,,"ふむ","to step on","jmdict","踏む"
1282770,"降り出す","ふりだす","to start to rain","waller",
1282770,"降りだす","ふりだす","to start to rain","jmdict","降り出す"
1116840,,"プレゼント","present","waller",
1505120,"文化","ぶんか","culture","waller",
1505190,"文学","ぶんがく","literature","waller",
1505600,"文法","ぶんぽう","grammar","waller",
1509430,"別","べつ","different","waller",
1509430,"別","べち","different","jmdict","べつ"
1120010,,"ベル","bell","waller",
1510640,"変","へん","strange","waller",
1510640,,"へん","strange","jmdict","変"
1512220,"返事","へんじ","reply","waller",
1512220,"返辞","へんじ","reply","jmdict","返事"
1520120,,"ぼうえき","trade","waller",
1516750,"放送","ほうそう","to broadcast","waller",
1517480,,"ほうりつ","law","waller",
1521400,,"ぼく","I (used by males)","waller",
1376310,,"ほし","star","waller",
1436510,"程","ほど","extent","waller",
1436510,,"ほど","extent","jmdict","程"
1522050,,"ほとんど","mostly","waller",
1522050,,"ほとんど","mostly","jmdict","ほとんど"
1522050,"幾ど","ほとんど","mostly","jmdict","ほとんど"
1603550,,"ほめる","to praise","waller",
1603550,,"ほめる","to praise","jmdict","ほめる"
1523400,,"ほんやく","translation","waller",
1523400,,"ほんやく","translation","jmdict","翻訳"
1302070,"参る","まいる","(humble) to go,to come","waller",
1302070,,"まいる","(humble) to go,to come","jmdict","参る"
1497980,"負ける","まける","to lose","waller",
1497980,"敗ける","まける","to lose","jmdict","負ける"
1497980,"敗北る","まける","to lose","jmdict","負ける"
1364360,,"まじめ","serious","waller",
1364360,"真面目","まじめ","serious","jmdict","まじめ"
1364360,,"まじめ","serious","jmdict","まじめ"
1364360,,"マジメ","serious","jmdict","まじめ"
1387240,"先ず","まず","first of all","waller",
1387240,,"まず","first of all","jmdict","先ず"
1524990,,"または","or,otherwise","waller",
1524990,,"または","or,otherwise","jmdict","または"
1215330,"間違える","まちがえる","to make a mistake","waller",
1215260,"間に合う","まにあう","to be in time for","waller",
1215260,"間にあう","まにあう","to be in time for","jmdict","間に合う"
1604290,,"まわり","surroundings","waller",
1604300,"回る","まわる","to go around","waller",
1604300,,"まわる","to go around","jmdict","回る"
1526920,,"まんが","comic","waller",
1526920,,"マンガ","comic","jmdict","漫画"
1604350,"真ん中","まんなか","middle","waller",
1604350,"まん中","まんなか","middle","jmdict","真ん中"
1259140,"見える","みえる","to be in sight","waller",
1267280,,"みずうみ","lake","waller",
1527040,,"みそ","bean paste","waller",
1527040,,"みそ","bean paste","jmdict","味噌"
1604550,"見つかる","みつかる","to be discovered","waller",
1604550,"見付かる","みつかる","to be discovered","jmdict","見つかる"
1604570,"見つける","みつける","to discover","waller",
1604570,"見付ける","みつける","to discover","jmdict","見つける"
1604570,"見付ける","みっける","to discover","jmdict","見つける"
1604570,,"みつける","to discover","jmdict","見つける"
1604570,,"みっける","to discover","jmdict","見つける"
1202150,"皆","みな","everybody","waller",
1279990,"港","みなと","harbour","waller",
1279990,,"みなと","harbour","jmdict","港"
1604800,"向かう","むかう","to face","waller",
1604800,"向う","むかう","to face","jmdict","向かう"
1604800,"対う","むかう","to face","jmdict","向かう"
1253190,"迎える","むかえる","to go out to meet","waller",
1253190,,"むかえる","to go out to meet","jmdict","迎える"
1382370,"昔","むかし","olden days, former","waller",
1426680,,"むし","insect","waller",
1426680,,"むし","insect","jmdict","虫"
1404390,"息子","むすこ","(humble) son","waller",
1404390,"むす子","むすこ","(humble) son","jmdict","息子"
1404390,"息","むすこ","(humble) son","jmdict","息子"
1404390,"息","そく","(humble) son","jmdict","息子"
1531190,"娘","むすめ","(humble) daughter","waller",
1530970,"無理","むり","impossible","waller",
1530970,,"ムリ","impossible","jmdict","無理"
1346370,,"めしあがる","(polite) to eat","waller",
1346370,,"めしあがる","(polite) to eat","jmdict","召し上がる"
1431850,,"めずらしい","rare","waller",
1431850,,"めずらしい","rare","jmdict","珍しい"
1362950,"申し上げる","もうしあげる","(humble) to say,to tell","waller",
1362950,"申上げる","もうしあげる","(humble) to say,to tell","jmdict","申し上げる"
1362950,"申しあげる","もうしあげる","(humble) to say,to tell","jmdict","申し上げる"
1363090,"申す","もうす","(humble) to be called,to say","waller",
2015610,,"もうすぐ","soon","waller",
2015610,"もう直ぐ","もうすぐ","soon","jmdict","もうすぐ"
1012500,,"もし","if","waller",
1535780,,"もちろん","of course","waller",
1535780,,"もちろん","of course","jmdict","もちろん"
1293700,"最も","もっとも","extremely","waller",
1293700,"最も","もとも","extremely","jmdict","もっとも"
1293700,,"もっとも","extremely","jmdict","最も"
1293700,,"もとも","extremely","jmdict","最も"
1535880,"戻る","もどる","to turn back","waller",
1534870,,"もめん","cotton","waller",
1534870,,"きわた","cotton","jmdict","もめん"
1534870,,"きわた","cotton","jmdict","木綿"
1535910,,"もらう","to receive","waller",
1535910,,"もらう","to receive","jmdict","もらう"
1362490,,"もり","forest","waller",
1362490,,"もり","forest","jmdict","森"
1350600,,"やく","to bake,to grill","waller",
1350600,,"やく","to bake,to grill","jmdict","焼く"
1538130,"約束","やくそく","promise","waller",
1537980,"役に立つ","やくにたつ","to be helpful","waller",
1537980,"役にたつ","やくにたつ","to be helpful","jmdict","役に立つ"
1537980,"やくに立つ","やくにたつ","to be helpful","jmdict","役に立つ"
1350610,,"やける","to burn,to be roasted","waller",
1350610,,"やける","to burn,to be roasted","jmdict","焼ける"
1539040,"優しい","やさしい","kind","waller",
1605510,,"やせる","to become thin","waller",
1605510,,"やせる","to become thin","jmdict","痩せる"
1012800,,"やっと","at last","waller",
1012800,,"やっと","at last","jmdict","やっと"
2772770,,"やはり","as I thought,absolutely","waller",
2772770,,"やはり","as I thought,absolutely","jmdict","やはり"
1012810,,"やっぱり","as I thought,absolutely","waller",
1012810,,"やっぱり","as I thought,absolutely","jmdict","やっぱり"
1310640,"止む","やむ","to stop","waller",
1310640,,"やむ","to stop","jmdict","止む"
1310680,"止める","やめる","to stop","waller",
1310680,,"やめる","to stop","jmdict","止める"
1605630,,"やわらかい","soft","waller",
1605630,,"やわらかい","soft","jmdict","柔らかい"
1448580,,"ゆ","hot water","waller",
1538820,,"ゆしゅつ","to export","waller",
1538820,,"しゅしゅつ","to export","jmdict","ゆしゅつ"
1538870,,"ゆにゅう","to import","waller",
1538870,,"しゅにゅう","to import","jmdict","ゆにゅう"
1309650,"指","ゆび","finger","waller",
1309650,"指","および","finger","jmdict","ゆび"
1309650,"指","おゆび","finger","jmdict","ゆび"
1310050,,"ゆびわ","finger ring","waller",
1310050,,"ゆびわ","finger ring","jmdict","指輪"
1529410,"夢","ゆめ","dream","waller",
1545710,,"ゆれる","to shake,to sway","waller",
1546200,"用","よう","use","waller",
1546220,"用意","ようい","preparation","waller",
1546300,"用事","ようじ","things to do","waller",
1179005,,"よごれる","to get dirty","waller",
1543070,"予習","よしゅう","preparation for a lesson","waller",
1543240,"予定","よてい","arrangement","waller",
1543750,"予約","よやく","reservation","waller",
1219680,"寄る","よる","to visit","waller",
1218760,"喜ぶ","よろこぶ","to be delighted","waller",
1218760,,"よろこぶ","to be delighted","jmdict","喜ぶ"
1224880,,"よろしい","(respectful) OK,all right","waller",
1224880,,"よろしい","(respectful) OK,all right","jmdict","よろしい"
1550140,"理由","りゆう","reason","waller",
1550140,"理由","わけ","reason","jmdict","りゆう"
1549660,"利用","りよう","utilization","waller",
1554010,"両方","りょうほう","both sides","waller",
1553130,"旅館","りょかん","Japanese hotel","waller",
1552760,"留守","るす","absence","waller",
1552760,"留主","るす","absence","jmdict","留守"
1557290,,"れいぼう","air conditioning","waller",
1558050,,"れきし","history","waller",
1145130,,"レジ","register","waller",
1145990,,"レポート","report","waller",
1145990,,"リポート","report","waller",
1559900,,"れんらく","contact","waller",
1559900,,"れんらく","contact","jmdict","連絡"
1148520,,"ワープロ","word processor","waller",
1501660,,"わかす","to boil,to heat","waller",
1606590,"別れる","わかれる","to separate","waller",
1606680,,"わく","to boil, to grow hot,to get excited","waller",
1538330,,"わけ","meaning,reason","waller",
1538330,,"わけ","meaning,reason","jmdict","訳"
1519230,"忘れ物","わすれもの","lost article","waller",
1519230,"忘れもの","わすれもの","lost article","jmdict","忘れ物"
1351360,"笑う","わらう","to laugh,to smile","waller",
1351360,,"わらう","to laugh,to smile","jmdict","笑う"
1606810,"割合","わりあい","rate,ratio,percentage","waller",
1606810,"割り合い","わりあい","rate,ratio,percentage","jmdict","割合"
1208020,"割れる","われる","to break","waller",
1208020,"破れる","われる","to break","jmdict","割れる"
2005990,"泳ぎ方","およぎかた","way of swimming","waller",
1586330,"朝御飯","あさごはん","breakfast","kanji",
1000320,"彼処","あすこ","over there","kanji","あそこ"
1000320,"彼処","かしこ","over there","kanji","あそこ"
1000320,"彼処","あしこ","over there","kanji","あそこ"
1000320,"彼処","あこ","over there","kanji","あそこ"
1000320,"彼所","あそこ","over there","kanji","あそこ"
1000320,"彼所","あすこ","over there","kanji","あそこ"
1000320,"彼所","かしこ","over there","kanji","あそこ"
1000320,"彼所","あしこ","over there","kanji","あそこ"
1000320,"彼所","あこ","over there","kanji","あそこ"
1542160,"遊ぶ","あそぶ","to play,"kanji","waller",
1542160,"遊ぶ","あすぶ","to play,"kanji","jmdict","あそぶ"
1582310,"頭","あたま","head","kanji",
1582310,"頭","かしら","head","kanji","あたま"
1483185,"彼方","あっち","there","kanji","あちら"
1483185,"彼方","あち","there","kanji","あちら・あっち"
1467720,"熱い","あつい","hot to the touch","kanji",
1218380,"危ない","あぶない","dangerous","kanji",
1390930,"洗う","あらう","to wash","kanji",
1000580,"彼れ","あれ","that","kanji","あれ"
1000580,"彼","あれ","that","kanji","あれ"
1605820,"良い","よい","good","kanji",
1605820,"良い","えい","good","kanji","よい"
1605820,"好い","えい","good","kanji","良い"
1519290,"忙しい","いそがしい","busy,"kanji","waller",
1519290,"忙がしい","いそがしい","busy,"kanji","jmdict","忙しい"
1432680,"痛い","いたい","painful","kanji",
1165970,"１番","いちばん","best,"kanji","jmdict","いちばん"
1163400,"一緒","いっしょ","together","kanji",
1577980,"居る","いる","to be,"kanji","waller",
1546640,"要る","いる","to need","kanji",
1465610,"容れる","いれる","to put in","kanji","入れる"
1378690,"産まれる","うまれる","to be born","kanji","生まれる"
1378690,"産れる","うまれる","to be born","kanji","生まれる"
1580340,"表着","うわぎ","jacket","kanji","上着"
1202270,"絵","え","picture","kanji",
1002650,"御母さん","おかあさん","(honorable) mother","kanji","お母さん"
1001820,"御金","おかね","money","kanji","お金"
1421850,"置く","おく","to put","kanji",
1329015,"お酒","おさけ","alcohol,"kanji","waller",
1329015,"御酒","おさけ","alcohol,"kanji","jmdict","お酒"
1329015,"御酒","ごしゅ","alcohol,"kanji","jmdict","お酒"
1002320,"御祖父さん","おじいさん","grandfather,"kanji","jmdict","おじいさん"
1180470,"押す","おす","to push,"kanji","waller",
1421970,"遅い","おそい","late,"kanji","waller",
1421970,"晩い","おそい","late,"kanji","jmdict","遅い"
1002430,"御茶","おちゃ","green tea","kanji","お茶"
1002100,"お手洗い","おてあらい","bathroom","kanji",
1002590,"御父さん","おとうさん","(honorable) father","kanji","お父さん"
1002590,"御父さん","おとっさん","(honorable) father","kanji","お父さん"
1576050,"一昨日","おととい","day before yesterday","kanji",
1576050,"一昨日","おとつい","day before yesterday","kanji","おととい"
1576060,"一昨年","おととし","year before last","kanji",
1002610,"御腹","おなか","stomach","kanji","おなか"
1002610,"御中","おなか","stomach","kanji","おなか"
1001830,"御兄さん","おにいさん","(honorable) older brother","kanji","お兄さん"
1001990,"御姉さん","おねえさん","(honorable) older sister","kanji","お姉さん"
1002330,"御祖母さん","おばあさん","grandmother,"kanji","jmdict","おばあさん"
1206050,"覚える","おぼえる","to remember","kanji",
1174340,"泳ぐ","およぐ","to swim","kanji",
1589500,"降りる","おりる","to get off,"kanji","waller",
1512130,"返す","かえす","to return something","kanji",
1512130,"反す","かえす","to return something","kanji","返す"
1207590,"掛かる","かかる","to take time or money","kanji",
1207590,"掛る","かかる","to take time or money","kanji","掛かる"
1207610,"掛ける","かける","to call by phone","kanji",
1192280,"家庭","かてい","Household","kanji",
1577200,"可愛い","かわゆい","Cute","kanji","かわいい"
1350040,"消える","きえる","to disappear","kanji",
1579260,"昨日","きのう","Yesterday","kanji",
1579260,"昨日","さくじつ","Yesterday","kanji","きのう"
1042650,"キロ米","キロメートル","Kilometer","kanji","キロメートル"
1042650,"キロ米","キロメイトル","Kilometer","kanji","キロメートル"
1538160,"薬","くすり","medicine","kanji",
1193060,"果物","くだもの","Fruit","kanji",
1193060,"果物","かぶつ","Fruit","kanji","くだもの"
1246700,"靴","くつ","Shoes","kanji",
1246740,"靴下","くつした","Socks","kanji",
1154330,"暗い","くらい","Gloomy","kanji",
1252330,"警官","けいかん","policeman","kanji",
1350110,"消す","けす","to erase,"kanji","waller",
1273270,"公園","こうえん","Park","kanji",
1592970,"交差点","こうさてん","intersection","kanji",
1272500,"交番","こうばん","police box","kanji",
1380440,"声","こえ","Voice","kanji",
1264540,"言葉","ことば","word,"kanji","waller",
1264540,"言葉","けとば","word,"kanji","jmdict","ことば"
1264540,"辞","ことば","word,"kanji","jmdict","言葉"
1307850,"子供","こども","Child","kanji",
1307850,"小供","こども","Child","kanji","子供"
1270590,"御飯","ごはん","cooked rice,"kanji","waller",
1289590,"困る","こまる","to be worried","kanji",
1289470,"今晩","こんばん","this evening","kanji",
1291330,"差す","さす","to stretch out hands,"kanji","waller",
1210360,"寒い","さむい","Cold","kanji",
1210360,"寒い","さぶい","Cold","kanji","さむい"
1579350,"参","さん","Three","kanji","三"
1579350,"参","み","Three","kanji","三"
1303620,"散歩","さんぽ","to stroll","kanji",
1505990,"然し","しかし","However","kanji",
1318970,"辞書","じしょ","Dictionary","kanji",
1381820,"静か","しずか","Quiet","kanji",
1315140,"字引","じびき","Dictionary","kanji",
1315140,"字引き","じびき","Dictionary","kanji","字引"
1436560,"閉まる","しまる","to close,"kanji","waller",
1508590,"閉める","しめる","to close something","kanji",
1337270,"宿題","しゅくだい","homework","kanji",
1420470,"識る","しる","to know","kanji","知る"
1228260,"吸う","すう","to smoke,"kanji","waller",
1277450,"好き","すき","Likeable","kanji",
1430620,"直ぐに","すぐに","Instantly","kanji","すぐに"
1291800,"座る","すわる","to sit","kanji",
2147990,"背","せ","height,"kanji","waller",
1379380,"生徒","せいと","Pupil","kanji",
1382590,"石けん","せっけん","Soap","kanji","石鹸"
1472740,"背広","せびろ","business suit","kanji",
1390980,"洗たく","せんたく","Washing","kanji","洗濯"
1396130,"全部","ぜんぶ","All","kanji",
1006730,"然して","しかして","And","kanji","そして"
1403830,"側","そば","near,"kanji","waller",
1403830,"側","そく","near,"kanji","jmdict","そば"
1403830,"側","はた","near,"kanji","jmdict","そば"
1413660,"大好き","だいすき","to be very likeable","kanji",
1412640,"台所","だいどころ","kitchen","kanji",
1412640,"台所","だいどこ","kitchen","kanji","だいどころ"
1415000,"大変","たいへん","difficult situation","kanji",
1335640,"経","たて","length,"kanji","jmdict","縦"
1548370,"頼む","たのむ","to ask","kanji",
1597150,"煙草","えんそう","tobacco,"kanji","jmdict","たばこ"
1416830,"誰","だれ","who","kanji",
1416830,"誰","だあれ","who","kanji","だれ"
1416830,"誰","た","who","kanji","だれ"
1416840,"誰か","だれか","somebody","kanji",
1158880,"違う","ちがう","to differ","kanji",
1163940,"鳥渡","ちょっと","somewhat","kanji","ちょっと"
1163940,"鳥渡","ちょと","somewhat","kanji","ちょっと"
1483740,"疲れる","つかれる","to get tired","kanji",
1316380,"次","つぎ","next","kanji",
1495770,"付ける","つける","to turn on","kanji",
1240825,"勤める","つとめる","to work for someone","kanji",
1556730,"冷たい","つめたい","cold to the touch","kanji",
1556730,"冷たい","つべたい","cold to the touch","kanji","つめたい"
1177800,"遠い","とおい","far","kanji",
1577140,"何処","いずこ","where","kanji","どこ"
1577140,"何処","いずく","where","kanji","どこ"
1577140,"何処","いづこ","where","kanji","どこ"
1577140,"何処","いどこ","where","kanji","どこ"
1577140,"何所","どこ","where","kanji","どこ"
1577140,"何所","いどこ","where","kanji","どこ"
1343100,"所","ところ","place","kanji",
1343100,"所","とこ","place","kanji","ところ"
1343100,"処","ところ","place","kanji","所"
1468060,"歳","とし","year","kanji","年"
1429700,"飛ぶ","とぶ","to fly,"kanji","waller",
1310620,"留まる","とまる","to come to a halt","kanji","止まる"
1310620,"留る","とまる","to come to a halt","kanji","止まる"
1540170,"友達","ともだち","friend","kanji",
1326980,"取る","とる","to take something","kanji",
1532870,"鳴く","なく","animal noise. to chirp,"kanji","waller",
1529530,"失くす","なくす","to lose something","kanji","無くす"
1508380,"列ぶ","ならぶ","to line up,"kanji","jmdict","並ぶ"
1436130,"庭","にわ","garden","kanji",
1467640,"猫","ねこ","cat","kanji",
1360010,"寝る","ねる","to go to bed,"kanji","waller",
1352570,"登る","のぼる","to climb","kanji",
1355120,"乗る","のる","to get on,"kanji","waller",
1313000,"歯","は","tooth","kanji",
1546590,"葉書","はがき","postcard","kanji",
1546590,"葉書き","はがき","postcard","kanji","葉書"
1585650,"箱","はこ","box","kanji",
1342540,"初め","はじめ","beginning","kanji",
1342550,"初めて","はじめて","for the first time","kanji",
1600790,"二十歳","はたち","20 years old,"kanji","waller",
1600790,"２０歳","はたち","20 years old,"kanji","jmdict","二十歳"
1451150,"働く","はたらく","to work","kanji",
1404975,"速い","はやい","quick","kanji",
1376460,"晴れ","はれ","clear weather","kanji",
1376460,"晴","はれ","clear weather","kanji","晴れ"
1376470,"晴れる","はれる","to be sunny","kanji",
1482110,"晩","ばん","evening","kanji",
1482290,"番号","ばんごう","number","kanji",
1601340,"晩御飯","ばんごはん","evening meal","kanji",
1601340,"晩ご飯","ばんごはん","evening meal","kanji","晩御飯"
1601340,"晩ごはん","ばんごはん","evening meal","kanji","晩御飯"
1169250,"引く","ひく","to pull","kanji",
1485470,"飛行機","ひこうき","aeroplane","kanji",
1602340,"昼御飯","ひるごはん","midday meal","kanji",
1370760,"吹く","ふく","to blow","kanji",
1408180,"太い","ふとい","fat","kanji",
1282790,"降る","ふる","to fall,"kanji","waller",
1499320,"部屋","へや","room","kanji",
1512610,"便利","べんり","useful,"kanji","waller",
1547330,"欲しい","ほしい","want","kanji",
1523060,"本当","ほんとう","truth","kanji",
1524730,"毎晩","まいばん","every night","kanji",
1239730,"曲る","まがる","to turn,"kanji","waller",
1580600,"真っ直","まっすぐ","straight ahead,"kanji","jmdict","まっすぐ"
1580600,"真直ぐ","まっすぐ","straight ahead,"kanji","jmdict","まっすぐ"
1401400,"窓","まど","window","kanji",
1454080,"途","みち","street","kanji","道"
1454080,"路","みち","street","kanji","道"
1202170,"皆さん","みなさん","everyone","kanji",
1317170,"耳","みみ","ear","kanji",
1259290,"観る","みる","to see,"kanji","waller",
1202150,"皆","みな","everyone","kanji","みんな"
1202150,"皆んな","みんな","everyone","kanji","みんな"
1277140,"向こう","むこう","over there","kanji",
1460850,"難しい","むずかしい","difficult","kanji",
1460850,"難しい","むつかしい","difficult","kanji","むずかしい"
1132570,"米","メートル","metre","kanji","メートル"
1132570,"米突","メートル","metre","kanji","メートル"
1157000,"易しい","やさしい","easy,"kanji","waller",
1542640,"昨夜","ゆうべ","last night","kanji",
1542640,"昨夜","さくや","last night","kanji","ゆうべ"
1542640,"昨夜","ゆんべ","last night","kanji","ゆうべ"
1386500,"雪","ゆき","snow","kanji",
1605870,"良く","よく","often,"kanji","waller",
1605870,"能く","よく","often,"kanji","jmdict","良く"
1605870,"好く","よく","often,"kanji","jmdict","良く"
1180570,"横","よこ","beside,"kanji",width","waller",
1266440,"呼ぶ","よぶ","to call out,"kanji","waller",
1552750,"留学生","りゅうがくせい","overseas student","kanji",
1602710,"両親","りょうしん","both parents","kanji",
1602710,"両親","ふたおや","both parents","kanji","りょうしん"
1324300,"若い","わかい","young","kanji",
1606560,"解る","わかる","to be understood","kanji","分かる"
1606560,"判る","わかる","to be understood","kanji","分かる"
1519210,"忘れる","わすれる","to forget","kanji",
1444610,"渡す","わたす","to hand over","kanji",
1444680,"渡る","わたる","to go across","kanji",
